,Name,lat,long,Max Temp,Humidity,Cloudiness,Date,Wind Speed,Country
0,Cabo San Lucas,22.89,-109.91,28.89,83,5,1603246391,5.7,MX
1,Sitka,57.05,-135.33,6.0,75,75,1603246656,1.58,US
2,East London,-33.02,27.91,14.16,66,0,1603246656,2.46,ZA
3,Sidi Ali,36.1,0.42,21.62,28,100,1603246656,7.56,DZ
4,Bathsheba,13.22,-59.52,28.0,78,40,1603246656,3.6,BB
5,Tuktoyaktuk,69.45,-133.04,-5.0,92,90,1603246656,7.2,CA
6,Punta Arenas,-53.15,-70.92,5.0,75,75,1603246657,2.6,CL
7,Rikitea,-23.12,-134.97,23.38,75,24,1603246657,4.16,PF
8,Mataura,-46.19,168.86,13.89,58,17,1603246657,4.92,NZ
9,Mocorito,25.48,-107.92,29.44,70,0,1603246657,1.34,MX
10,Ushuaia,-54.8,-68.3,5.0,75,40,1603246657,2.17,AR
11,Kieta,-6.22,155.63,29.36,67,99,1603246657,1.96,PG
12,Nemuro,43.32,145.57,14.0,54,20,1603246657,3.6,JP
13,Port Shepstone,-30.74,30.45,18.1,71,96,1603246657,4.15,ZA
14,Busselton,-33.65,115.33,21.67,38,0,1603246657,2.81,AU
15,Sibolga,1.74,98.78,29.51,64,47,1603246503,0.68,ID
16,Upernavik,72.79,-56.15,0.41,92,100,1603246658,1.28,GL
17,Puerto Baquerizo Moreno,-0.9,-89.6,20.6,87,51,1603246658,6.67,EC
18,Jamestown,42.1,-79.24,9.44,93,90,1603246599,3.1,US
19,Kismayo,-0.36,42.55,26.12,82,69,1603246658,5.78,SO
20,Hilo,19.73,-155.09,28.0,58,90,1603246366,3.6,US
21,Khatanga,71.97,102.5,-14.18,95,83,1603246658,3.81,RU
22,São Miguel do Iguaçu,-25.35,-54.24,25.0,73,0,1603246658,1.0,BR
23,Thompson,55.74,-97.86,-3.0,79,90,1603246658,1.0,CA
24,La Ronge,55.1,-105.28,-4.0,73,90,1603246659,2.1,CA
25,Grand Gaube,-20.01,57.66,23.89,72,0,1603246659,1.34,MU
26,Cidreira,-30.18,-50.21,20.49,93,97,1603246424,3.29,BR
27,Kapaa,22.08,-159.32,27.78,83,90,1603246659,4.1,US
28,Udachny,66.42,112.4,-16.0,84,90,1603246659,1.0,RU
29,Saint George,37.1,-113.58,24.0,11,1,1603246624,2.1,US
30,Ostrovskoye,57.81,42.24,-1.43,97,17,1603246659,4.2,RU
31,Kandrian,-6.22,149.55,29.68,66,91,1603246659,3.01,PG
32,Cockburn Town,21.46,-71.14,27.63,79,89,1603246537,6.67,TC
33,Bethel,41.37,-73.41,15.56,97,54,1603246659,0.26,US
34,Vaini,-21.2,-175.2,24.0,69,75,1603246660,3.1,TO
35,Bluff,-46.6,168.33,13.89,58,50,1603246660,4.92,NZ
36,Yellowknife,62.46,-114.35,-6.0,79,20,1603246660,4.1,CA
37,Forio,40.73,13.86,16.0,76,8,1603246660,1.0,IT
38,Butaritari,3.07,172.79,27.99,73,46,1603246511,4.63,KI
39,Kupang,-10.17,123.58,33.0,59,40,1603246660,3.6,ID
40,Mar del Plata,-38.0,-57.56,11.11,87,0,1603246660,2.6,AR
41,Alta Floresta,-9.88,-56.09,25.41,62,0,1603246660,0.16,BR
42,Bredasdorp,-34.53,20.04,5.0,93,0,1603246660,1.0,ZA
43,Port Alfred,-33.59,26.89,13.06,76,0,1603246660,3.49,ZA
44,Betong,5.77,101.07,27.7,77,52,1603246661,0.21,TH
45,Juneau,58.3,-134.42,4.44,86,75,1603246378,1.5,US
46,Albany,42.6,-73.97,13.33,84,100,1603246503,0.45,US
47,Kaitangata,-46.28,169.85,13.79,47,57,1603246661,1.19,NZ
48,Shimoda,34.67,138.95,19.0,55,20,1603246661,9.8,JP
49,Victoria Point,-27.58,153.3,26.67,47,75,1603246661,5.1,AU
50,Linfen,36.09,111.52,15.1,26,0,1603246661,2.64,CN
51,Stepnogorsk,52.35,71.89,6.27,55,90,1603246661,4.86,KZ
52,Torbay,47.67,-52.73,15.0,93,90,1603246662,8.7,CA
53,Arraial do Cabo,-22.97,-42.03,22.48,85,0,1603246539,9.26,BR
54,Quatre Cocos,-20.21,57.76,23.89,83,40,1603246662,4.6,MU
55,Kiryat Gat,31.61,34.76,22.78,100,18,1603246382,0.45,IL
56,Atuona,-9.8,-139.03,25.54,75,79,1603246511,6.76,PF
57,Collie,-33.37,116.15,21.67,38,15,1603246662,3.4,AU
58,Kachug,53.96,105.88,-1.71,87,87,1603246662,2.13,RU
59,Avarua,-21.21,-159.78,24.0,88,100,1603246662,3.6,CK
60,Sinnamary,5.38,-52.95,26.73,80,100,1603246662,5.66,GF
61,Goba,7.02,39.98,10.11,73,89,1603246663,0.84,ET
62,Chepareria,1.31,35.2,16.27,81,89,1603246663,1.04,KE
63,Severo-Kuril'sk,50.68,156.12,5.89,65,59,1603246663,12.84,RU
64,San Matías,-16.37,-58.4,25.15,79,99,1603246663,0.3,BO
65,Conceição do Araguaia,-8.26,-49.26,28.15,50,98,1603246663,1.63,BR
66,Hasaki,35.73,140.83,20.0,49,40,1603246663,5.7,JP
67,General Pico,-35.66,-63.76,10.38,54,1,1603246373,4.22,AR
68,Taganak,6.08,118.3,31.0,66,20,1603246663,4.1,PH
69,Mwense,-10.38,28.7,22.43,75,100,1603246664,2.8,ZM
70,Xiongzhou,25.12,114.3,20.89,62,6,1603246664,3.46,CN
71,Karmāla,18.42,75.2,23.41,85,53,1603246664,0.38,IN
72,Santa Isabel Rio Negro,-0.41,-65.02,25.42,81,74,1603246664,1.5,BR
73,Pacific Grove,36.62,-121.92,16.67,87,1,1603246640,1.5,US
74,College,64.86,-147.8,-5.0,79,90,1603246664,0.45,US
75,Bengkulu,-3.8,102.27,28.97,64,35,1603246664,0.88,ID
76,Merauke,-8.47,140.33,30.13,64,15,1603246214,4.91,ID
77,Saskylakh,71.92,114.08,-6.79,97,91,1603246664,3.81,RU
78,Kapit,2.02,112.93,31.26,57,96,1603246664,0.77,MY
79,Norman Wells,65.28,-126.83,-6.0,92,90,1603246665,6.7,CA
80,Hong Kong,22.29,114.16,25.56,66,55,1603246597,1.34,HK
81,Ibanda,-2.8,32.47,19.31,85,99,1603246665,1.48,TZ
82,Clifton,40.86,-74.16,17.78,93,90,1603246514,3.1,US
83,Fulton,33.77,-84.45,20.0,93,1,1603246665,2.95,US
84,Hermanus,-34.42,19.23,10.56,85,0,1603246665,1.34,ZA
85,Ponta do Sol,32.67,-17.1,20.0,64,20,1603246665,3.6,PT
86,Barrow,71.29,-156.79,-2.0,86,90,1603246665,5.7,US
87,Chara,56.91,118.26,-8.82,84,0,1603246665,1.41,RU
88,Hobart,-42.88,147.33,19.44,45,75,1603246602,1.5,AU
89,Gáldar,28.15,-15.65,23.0,73,75,1603246666,3.6,ES
90,Turka,49.15,23.03,6.11,96,100,1603246666,18.78,UA
91,Rawson,-43.3,-65.1,10.51,59,0,1603246666,7.93,AR
92,Mount Gambier,-37.83,140.77,17.0,59,90,1603246666,3.6,AU
93,Nantucket,41.28,-70.1,17.78,93,90,1603246558,3.1,US
94,Nikolskoye,59.7,30.79,0.0,92,90,1603246666,1.54,RU
95,Kuytun,54.34,101.5,0.33,92,100,1603246666,5.28,RU
96,Kemisē,10.72,39.87,17.14,52,36,1603246667,1.39,ET
97,Bojnourd,37.47,57.33,3.0,69,0,1603246667,2.1,IR
98,Ostrovnoy,68.05,39.51,2.65,81,100,1603246667,5.86,RU
99,Esperance,-33.87,121.9,17.0,93,90,1603246667,6.7,AU
100,Marabu,4.41,114.01,28.89,78,40,1603246667,3.6,MY
101,Angoche,-16.23,39.91,22.86,87,0,1603246667,2.43,MZ
102,Salalah,17.02,54.09,25.0,47,1,1603246667,1.5,OM
103,Cabedelo,-6.98,-34.83,24.0,94,75,1603246667,5.1,BR
104,Masunga,-20.62,27.45,21.78,22,0,1603246667,6.32,BW
105,Saint-François,46.42,3.91,17.22,55,100,1603246667,8.7,FR
106,Castro,-24.79,-50.01,17.19,89,58,1603246391,2.64,BR
107,Souillac,-20.52,57.52,23.0,83,40,1603246668,4.6,MU
108,Port Augusta,-32.5,137.77,27.78,49,0,1603246518,3.6,AU
109,Rocha,-34.48,-54.33,12.62,66,100,1603246668,5.26,UY
110,Ngunguru,-35.62,174.5,17.82,64,62,1603246668,5.29,NZ
111,Lebu,-37.62,-73.65,9.48,78,0,1603246668,7.83,CL
112,Salinas,36.68,-121.66,17.22,77,1,1603246401,3.1,US
113,Vila Velha,-20.33,-40.29,21.0,94,90,1603246395,3.1,BR
114,Airai,-8.93,125.41,27.01,31,21,1603246668,2.23,TL
115,Tateyama,34.98,139.87,20.56,55,20,1603246668,9.8,JP
116,Kruisfontein,-34.0,24.73,8.89,91,0,1603246668,1.65,ZA
117,Bosaso,11.28,49.18,28.7,37,39,1603246449,3.64,SO
118,Ribeira Brava,32.65,-17.07,20.0,64,20,1603246669,3.6,PT
119,Morehead,37.27,-87.18,20.0,93,75,1603246669,3.4,US
120,São Filipe,14.9,-24.5,28.15,68,55,1603246669,1.49,CV
121,Narsaq,60.92,-46.05,-1.0,86,100,1603246669,1.0,GL
122,Ascension,30.22,-90.9,24.0,83,1,1603246669,2.4,US
123,Vaitape,-16.52,-151.75,26.55,79,1,1603246669,6.38,PF
124,Staraya Mayna,54.6,48.95,4.0,69,75,1603246669,7.0,RU
125,Coyhaique,-45.58,-72.07,6.0,75,0,1603246669,1.5,CL
126,Arlit,18.74,7.39,29.44,13,0,1603246670,2.88,NE
127,Springdale,36.19,-94.13,21.0,100,75,1603246461,2.6,US
128,Feijó,-8.16,-70.35,23.04,97,100,1603246670,0.87,BR
129,George Town,5.41,100.34,28.0,83,20,1603246527,1.91,MY
130,Mindelo,16.89,-24.98,27.0,83,75,1603246670,8.7,CV
131,Auki,-8.77,160.7,29.29,73,65,1603246511,0.74,SB
132,Yar-Sale,66.83,70.83,-3.72,98,100,1603246670,1.7,RU
133,New Norfolk,-42.78,147.06,19.44,54,96,1603246670,0.45,AU
134,Adana Province,36.98,35.29,19.0,82,28,1603246670,2.1,TR
135,Ribeira Grande,38.52,-28.7,17.53,68,78,1603246671,11.37,PT
136,Cape Town,-33.93,18.42,10.0,87,0,1603246322,1.0,ZA
137,Kahului,20.89,-156.47,32.0,40,20,1603246671,5.1,US
138,Salinópolis,-0.61,-47.36,27.02,77,2,1603246671,5.29,BR
139,Atar,20.52,-13.05,29.44,26,0,1603246671,2.37,MR
140,Ancud,-41.87,-73.82,7.22,75,0,1603246671,4.1,CL
141,Avera,33.19,-82.53,20.0,93,1,1603246671,3.07,US
142,Puerto Ayora,-0.74,-90.35,20.56,92,94,1603246671,3.58,EC
143,San Borja,-14.82,-66.85,23.2,91,53,1603246671,1.35,BO
144,Qaanaaq,77.48,-69.36,-6.44,82,37,1603246671,2.76,GL
145,Caravelas,-17.71,-39.25,22.78,93,100,1603246412,0.62,BR
146,Tasiilaq,65.61,-37.64,0.0,96,100,1603246672,8.2,GL
147,Chivay,-15.64,-71.6,7.25,65,100,1603246672,0.88,PE
148,Wajima,37.4,136.9,19.0,52,20,1603246672,4.1,JP
149,Comodoro Rivadavia,-45.87,-67.5,8.0,70,95,1603246672,2.6,AR
150,Saldanha,-33.01,17.94,6.0,81,0,1603246672,2.1,ZA
151,Ocós,14.51,-92.19,24.0,100,40,1603246672,3.92,GT
152,Broome,42.25,-75.83,10.56,100,90,1603246672,2.1,US
153,Tabory,58.52,64.55,-1.5,98,0,1603246672,2.09,RU
154,Port Elizabeth,-33.92,25.57,10.0,87,7,1603246672,1.0,ZA
155,Carnarvon,-24.87,113.63,23.0,56,40,1603246672,8.7,AU
156,Lavrentiya,65.58,-171.0,3.51,95,97,1603246673,3.19,RU
157,Mogzon,51.74,111.96,-4.64,86,100,1603246673,4.05,RU
158,Codrington,-38.27,141.97,14.59,70,4,1603246673,3.34,AU
159,Srednekolymsk,67.45,153.68,-7.22,96,81,1603246673,2.46,RU
160,Kenai,60.55,-151.26,6.0,56,1,1603246673,2.1,US
161,Darnah,32.77,22.64,20.42,70,3,1603246673,7.4,LY
162,Saint-Pierre,-21.34,55.48,21.11,60,1,1603246673,1.5,RE
163,Sartell,45.62,-94.21,-1.0,92,90,1603246673,2.6,US
164,Victor Harbor,-35.57,138.62,16.67,74,50,1603246674,0.45,AU
165,Olinda,-8.01,-34.86,26.0,78,40,1603246674,5.7,BR
166,Kawalu,-7.38,108.21,25.46,77,100,1603246674,0.79,ID
167,Moreira Sales,-24.06,-53.01,22.55,65,0,1603246674,2.3,BR
168,Levelland,33.59,-102.38,23.0,53,1,1603246674,5.1,US
169,Clyde River,70.47,-68.59,-3.0,79,75,1603246674,4.6,CA
170,Sokolo,14.73,-6.12,29.49,18,0,1603246674,3.69,ML
171,Taltal,-25.4,-70.48,14.85,68,6,1603246674,1.52,CL
172,Mahébourg,-20.41,57.7,23.0,83,40,1603246674,4.6,MU
173,Baryshivka,50.36,31.32,4.44,93,77,1603246674,2.0,UA
174,Zacualpan,21.25,-105.17,29.0,83,20,1603246674,1.0,MX
175,Margate,51.38,1.39,15.0,90,100,1603246675,1.79,GB
176,Honningsvåg,70.98,25.97,3.66,74,41,1603246675,2.05,NO
177,Novyy Urgal,51.07,132.56,4.79,69,100,1603246675,0.84,RU
178,Tutóia,-2.76,-42.27,26.87,74,0,1603246675,6.34,BR
179,Polillo,14.71,121.94,29.32,74,99,1603246675,6.36,PH
180,Yichun,47.7,128.9,12.97,54,100,1603246675,6.91,CN
181,Doba,8.65,16.85,22.23,72,0,1603246675,1.32,TD
182,Yulara,-25.24,130.99,34.0,17,0,1603246675,1.5,AU
183,Fort Saint James,54.43,-124.25,-1.32,96,100,1603246675,0.59,CA
184,Kungurtug,50.6,97.52,-3.21,89,90,1603246675,0.31,RU
185,Bāfq,31.61,55.41,8.97,48,0,1603246676,0.62,IR
186,Luena,-11.78,19.92,17.26,72,0,1603246676,2.55,AO
187,Chui,-33.7,-53.46,14.42,74,100,1603246676,5.93,UY
188,Kavaratti,10.57,72.64,27.7,70,86,1603246676,3.58,IN
189,San Felipe,10.34,-68.74,23.06,89,96,1603246676,0.67,VE
190,San Patricio,28.02,-97.52,26.11,83,20,1603246676,4.6,US
191,Sharjah city,25.36,55.4,23.0,59,0,1603246676,2.1,AE
192,Vanimo,-2.67,141.3,28.81,73,100,1603246676,0.73,PG
193,Sfântu Gheorghe,45.87,25.78,0.56,89,0,1603246677,1.02,RO
194,Goderich,43.75,-81.72,7.78,83,100,1603246610,7.36,CA
195,Hithadhoo,-0.6,73.08,27.8,80,65,1603246677,6.13,MV
196,Zhangye,38.93,100.45,12.95,32,0,1603246677,2.81,CN
197,Mwingi,-0.93,38.06,17.79,81,23,1603246677,2.4,KE
198,Quixeré,-5.07,-37.99,24.85,65,0,1603246677,3.52,BR
199,Farnes,61.32,7.8,0.44,92,98,1603246677,1.28,NO
200,Makakilo City,21.35,-158.09,29.0,70,1,1603246678,3.6,US
201,Faanui,-16.48,-151.75,26.09,80,1,1603246678,6.38,PF
202,Mossamedes,-15.2,12.15,19.93,84,100,1603246678,3.11,AO
203,Leningradskiy,69.38,178.42,1.87,83,48,1603246678,3.92,RU
204,Fare,-16.7,-151.02,26.46,77,6,1603246678,5.6,PF
205,Guerrero Negro,27.98,-114.06,21.21,84,0,1603246678,6.78,MX
206,Virginia Beach,36.85,-75.98,20.0,97,100,1603246669,2.35,US
207,Cherskiy,68.75,161.3,-4.99,97,97,1603246678,1.97,RU
208,Vao,-22.67,167.48,22.97,83,99,1603246678,5.93,NC
209,Saint-Philippe,-21.36,55.77,21.11,60,15,1603246678,1.5,RE
210,Beira,-19.84,34.84,24.0,94,40,1603246679,1.5,MZ
211,Mocuba,-16.84,36.99,23.19,66,1,1603246679,1.49,MZ
212,Fort Nelson,58.81,-122.7,-8.0,72,75,1603246679,1.5,CA
213,Northam,51.03,-4.22,13.89,92,100,1603246679,3.13,GB
214,Morant Bay,17.88,-76.41,26.0,83,20,1603246679,3.6,JM
215,Iqaluit,63.75,-68.51,-1.0,74,90,1603246679,4.1,CA
216,Sant Julià de Loria,42.46,1.48,11.67,71,97,1603246679,1.79,AD
217,Nanortalik,60.14,-45.24,2.02,93,100,1603246679,6.76,GL
218,Mbandaka,0.05,18.26,21.37,92,23,1603246680,1.49,CD
219,Bisert',56.86,59.05,0.01,97,100,1603246680,3.49,RU
220,Assiniboia,49.63,-105.98,-7.0,96,39,1603246680,4.08,CA
221,Laguna,38.42,-121.42,26.67,40,1,1603246680,0.8,US
222,Anadyr,64.75,177.48,6.0,75,86,1603246680,7.0,RU
223,Kyra,49.58,111.98,-3.23,77,3,1603246680,5.78,RU
224,Malbork,54.04,19.03,8.33,88,100,1603246680,1.79,PL
225,Tilichiki,60.47,166.1,4.7,87,100,1603246680,7.4,RU
226,Tres Palos,18.18,-101.62,23.34,91,29,1603246680,0.9,MX
227,Tiksi,71.69,128.87,-13.09,92,89,1603246681,3.92,RU
228,Krasnystaw,50.98,23.17,8.0,93,100,1603246681,5.1,PL
229,Plouzané,48.38,-4.62,15.0,93,90,1603246681,3.6,FR
230,Pisco,-13.7,-76.22,17.78,82,2,1603246681,5.7,PE
231,Vigrestad,58.57,5.7,10.56,97,99,1603246681,4.62,NO
232,Saint Paul Harbor,57.79,-152.41,8.0,45,1,1603246681,4.6,US
233,Minas,-34.38,-55.24,11.11,71,100,1603246681,7.7,UY
234,Beloha,-25.17,45.05,17.43,71,0,1603246682,1.95,MG
235,Lagoa,39.05,-27.98,17.21,68,28,1603246682,11.45,PT
236,Olafsvik,64.89,-23.71,6.07,75,100,1603246682,4.84,IS
237,Palmer,42.16,-72.33,16.67,100,75,1603246682,2.1,US
238,Westport,41.14,-73.36,17.0,93,90,1603246682,0.37,US
239,Vizinga,61.07,50.1,-0.99,97,100,1603246682,3.82,RU
240,Banda Aceh,5.56,95.32,29.84,62,36,1603246607,4.21,ID
241,Sobolevo,54.43,31.9,1.87,87,100,1603246682,2.5,RU
242,Cooma,-36.23,149.13,21.0,32,40,1603246682,5.1,AU
243,Cabatuan,10.88,122.49,28.67,80,33,1603246683,6.34,PH
244,Lázaro Cárdenas,17.96,-102.2,26.89,87,40,1603246683,2.17,MX
245,Klaksvík,62.23,-6.59,4.0,72,39,1603246683,2.6,FO
246,Iranshahr,27.2,60.68,12.0,10,0,1603246683,2.1,IR
247,Koróni,36.8,21.95,17.22,93,20,1603246683,3.6,GR
248,Anastácio,-20.48,-55.81,22.96,89,100,1603246683,0.76,BR
249,Buchanan,5.88,-10.05,24.96,88,88,1603246683,1.86,LR
250,Mujiayingzi,42.12,118.78,5.77,56,0,1603246683,5.96,CN
251,Kavieng,-2.57,150.8,27.73,77,98,1603246683,3.31,PG
252,Yumen,40.28,97.2,12.57,32,0,1603246684,4.08,CN
253,Latung,5.5,120.88,28.92,76,100,1603246684,7.15,PH
254,Poli,-3.33,36.8,20.0,82,40,1603246684,2.6,TZ
255,Verkhniy Ufaley,56.06,60.23,-0.65,98,81,1603246684,2.36,RU
256,Mil'kovo,54.72,158.62,5.07,60,1,1603246684,3.85,RU
257,Yolombó,6.6,-75.01,15.0,100,75,1603246684,2.1,CO
258,Antofagasta,-23.65,-70.4,15.0,77,75,1603246431,2.6,CL
259,Sijunjung,-0.69,100.95,28.77,64,90,1603246684,0.74,ID
260,Mananjary,-21.22,48.33,21.42,85,1,1603246684,2.5,MG
261,Fairbanks,64.84,-147.72,-5.0,85,90,1603246684,0.43,US
262,Adrar,20.5,-10.07,28.07,17,0,1603246685,2.69,MR
263,Flinders,-34.58,150.86,23.89,65,51,1603246413,3.58,AU
264,Pevek,69.7,170.31,-0.54,95,84,1603246685,7.32,RU
265,Thessalon,46.25,-83.57,5.0,60,90,1603246685,2.6,CA
266,Bereda,43.27,-7.54,13.33,100,100,1603246685,5.36,ES
267,Hualmay,-11.1,-77.61,17.42,80,47,1603246685,3.71,PE
268,Saint Anthony,45.02,-93.22,0.56,99,90,1603246517,2.1,US
269,Santa Cruz,30.42,-9.6,21.0,73,20,1603246685,0.95,MA
270,Egvekinot,66.32,-179.17,1.06,100,98,1603246685,2.52,RU
271,Sur,22.57,59.53,22.54,66,0,1603246686,2.11,OM
272,Planaltina,-15.45,-47.61,21.0,94,75,1603246606,1.5,BR
273,Weilheim,47.83,11.15,6.11,86,97,1603246686,1.5,DE
274,Amapá,1.0,-52.0,24.83,77,8,1603246686,2.5,BR
275,Lompoc,34.64,-120.46,16.0,82,90,1603246686,3.6,US
276,Pangnirtung,66.15,-65.71,-4.13,94,100,1603246686,1.58,CA
277,Mandalgovi,45.76,106.27,-1.71,80,0,1603246686,6.66,MN
278,Vysotsk,60.63,28.57,-1.11,100,20,1603246686,1.0,RU
279,Morondava,-20.28,44.28,22.46,58,0,1603246686,2.75,MG
280,Deputatsky,69.3,139.9,-12.04,96,100,1603246687,0.93,RU
281,Seoul,37.57,126.98,17.0,55,100,1603246516,3.1,KR
282,Coquimbo,-29.95,-71.34,12.0,93,0,1603246687,1.5,CL
283,Genhe,50.78,121.52,0.66,93,100,1603246687,3.07,CN
284,Gandhinagar,23.22,72.68,27.0,83,40,1603246687,2.1,IN
285,Dikson,73.51,80.55,-4.43,97,94,1603246687,2.24,RU
286,Bambous Virieux,-20.34,57.76,23.89,83,40,1603246687,4.6,MU
287,Machico,32.7,-16.77,20.0,64,20,1603246687,3.6,PT
288,Channel-Port aux Basques,47.57,-59.14,12.5,92,99,1603246687,5.56,CA
289,Havelock,34.88,-76.9,21.11,88,1,1603246531,1.68,US
290,Raja,8.46,25.68,21.13,89,98,1603246688,2.01,SS
291,Provideniya,64.38,-173.3,7.0,87,90,1603246688,3.0,RU
292,Lerwick,60.15,-1.15,9.0,81,100,1603246688,12.3,GB
293,São Pedro do Sul,-29.62,-54.18,18.31,84,35,1603246688,6.18,BR
294,Wellington,-41.29,174.78,17.0,67,2,1603246665,9.8,NZ
295,Sola,-13.88,167.55,26.48,77,53,1603246688,5.24,VU
296,Kandalaksha,67.16,32.41,-0.38,96,98,1603246531,2.22,RU
297,San Miguel de Tucumán,-26.82,-65.22,17.0,93,90,1603246688,3.1,AR
298,Ulagan,50.63,87.96,0.04,86,50,1603246688,1.03,RU
299,Alta,69.97,23.27,-4.0,92,34,1603246688,3.1,NO
300,Hamilton,39.18,-84.53,13.33,93,90,1603246502,1.38,US
301,São Borja,-28.66,-56.0,22.88,72,0,1603246689,6.66,BR
302,Chittarkonda,18.12,82.08,23.71,91,0,1603246689,0.43,IN
303,Lüderitz,-26.65,15.16,16.7,47,0,1603246689,6.81,NA
304,Longyearbyen,78.22,15.64,-3.0,68,40,1603246689,3.1,SJ
305,Marawi,8.0,124.29,31.11,64,100,1603246689,0.89,PH
306,Bud,39.45,-86.18,12.22,100,90,1603246689,3.6,US
307,Kaeo,-35.1,173.78,17.46,69,96,1603246689,3.62,NZ
308,Sambava,-14.27,50.17,23.37,82,100,1603246689,7.2,MG
309,Carauari,-4.88,-66.9,24.37,86,30,1603246690,0.71,BR
310,Bubaque,11.28,-15.83,27.53,83,11,1603246690,5.64,GW
311,Mana,5.66,-53.78,26.93,78,100,1603246690,5.72,GF
312,Sabha,27.04,14.43,19.27,62,27,1603246690,5.08,LY
313,Mersing,2.43,103.84,28.0,78,40,1603246478,0.5,MY
314,Calabar,4.95,8.32,23.43,96,100,1603246690,1.55,NG
315,Porto Walter,-8.27,-72.74,22.85,97,100,1603246690,0.78,BR
316,Mareeba,-17.0,145.43,31.11,55,0,1603246690,4.6,AU
317,Dingle,11.0,122.67,28.89,80,52,1603246691,6.72,PH
318,Paris,48.85,2.35,14.0,87,100,1603246660,5.1,FR
319,Tommot,58.96,126.29,-2.43,96,100,1603246691,2.49,RU
320,Kokoda,-8.88,147.74,29.32,63,94,1603246691,1.24,PG
321,Mpulungu,-8.76,31.11,25.78,60,99,1603246691,0.27,ZM
322,Inuvik,68.35,-133.72,-5.0,92,90,1603246586,4.6,CA
323,Grand Island,40.92,-98.34,10.0,61,1,1603246593,3.6,US
324,Tocopilla,-22.09,-70.2,15.24,63,21,1603246565,0.32,CL
325,Esmeraldas,-19.76,-44.31,18.0,93,90,1603246691,0.5,BR
326,Masterton,-40.96,175.66,16.67,78,78,1603246454,2.24,NZ
327,Naze,28.37,129.48,27.0,74,75,1603246692,7.2,JP
328,Xai-Xai,-25.05,33.64,22.2,78,98,1603246692,8.55,MZ
329,Katsina,12.99,7.6,25.63,26,0,1603246692,1.25,NG
330,Houma,29.6,-90.72,23.89,94,1,1603246692,2.1,US
331,Dongsheng,39.82,109.98,2.44,61,0,1603246692,4.17,CN
332,Sapulpa,36.0,-96.11,17.0,77,75,1603246692,4.1,US
333,Geraldton,-28.77,114.6,21.0,60,75,1603246692,7.7,AU
334,San Andrés,12.58,-81.7,25.0,94,40,1603246692,2.28,CO
335,Pangai,-19.8,-174.35,25.0,57,75,1603246692,6.2,TO
336,Edd,13.93,41.69,28.26,68,0,1603246692,0.58,ER
337,Arkhangelsk,64.54,40.54,-1.0,100,75,1603246693,2.0,RU
338,Paamiut,61.99,-49.67,1.81,85,98,1603246693,0.52,GL
339,Santa Ana,33.75,-117.87,22.0,68,20,1603246444,3.1,US
340,Port Hawkesbury,45.62,-61.35,14.44,93,90,1603246693,3.6,CA
341,Chase,50.82,-119.69,2.78,95,94,1603246693,1.23,CA
342,Oktyabr'skoye,43.06,44.74,9.0,93,96,1603246693,2.0,RU
343,Cape Girardeau,37.38,-89.72,13.0,93,90,1603246693,2.63,US
344,Dalbandin,28.89,64.41,9.46,38,0,1603246693,1.68,PK
345,Orchard Homes,46.86,-114.05,7.0,65,75,1603246687,1.5,US
346,Touros,-5.2,-35.46,23.0,88,40,1603246694,1.5,BR
347,Liaoyang,41.27,123.17,18.0,52,90,1603246694,8.0,CN
348,Los Llanos de Aridane,28.66,-17.92,23.0,60,75,1603246694,2.1,ES
349,Ust-Tsilma,65.44,52.15,-4.25,96,97,1603246694,1.34,RU
350,Rosetta,31.4,30.42,24.0,78,0,1603246694,1.5,EG
351,Shenjiamen,29.96,122.3,20.24,78,100,1603246694,5.82,CN
352,Falam,22.92,93.68,16.22,100,95,1603246694,0.97,MM
353,Province of Mantua,45.17,10.78,9.44,94,25,1603246695,0.86,IT
354,Pyapon,16.28,95.68,24.44,97,100,1603246695,4.9,MM
355,Omboué,-1.57,9.26,24.73,88,100,1603246695,3.06,GA
356,Chokurdakh,70.63,147.92,-12.4,96,70,1603246695,2.16,RU
357,Okhotsk,59.38,143.3,-2.34,78,97,1603246695,3.43,RU
358,Kucura,45.52,19.58,4.44,93,7,1603246695,3.6,RS
359,Nalgonda,17.05,79.27,24.72,87,100,1603246695,2.04,IN
360,Khovd,48.01,91.64,0.72,76,0,1603246695,0.92,MN
361,Laas,46.62,10.7,9.44,100,5,1603246695,2.6,IT
362,Tottori-shi,35.5,134.23,22.0,49,75,1603246695,3.1,JP
363,Barra,-11.09,-43.14,26.43,49,40,1603246695,2.28,BR
364,Safaga,26.73,33.94,25.0,44,0,1603246696,3.1,EG
365,Stříbro,49.75,13.0,5.56,100,90,1603246696,0.5,CZ
366,Camacha,33.08,-16.33,18.0,88,40,1603246696,5.7,PT
367,Boddam,57.47,-1.78,11.11,93,84,1603246696,1.0,GB
368,Iquique,-20.22,-70.14,18.0,68,90,1603246696,1.5,CL
369,Qaqortoq,60.72,-46.03,-1.0,86,100,1603246696,1.0,GL
370,Verkhnyaya Inta,65.98,60.31,-6.44,98,100,1603246696,1.4,RU
371,Salihorsk,52.79,27.54,5.66,83,100,1603246696,4.93,BY
372,Kita,13.03,-9.49,24.26,39,0,1603246696,0.9,ML
373,Cocal,-28.62,-49.35,18.04,93,2,1603246696,0.77,BR
374,Constitución,-35.33,-72.42,10.73,78,24,1603246697,6.37,CL
375,Arrondissement de Saint-Denis,48.92,2.33,14.0,87,100,1603246697,4.1,FR
376,Atasū,48.68,71.64,4.72,50,0,1603246697,2.02,KZ
377,Taoudenni,22.68,-3.98,25.95,19,0,1603246529,4.45,ML
378,Galle,6.04,80.22,27.15,82,12,1603246697,5.83,LK
379,Prince George,53.92,-122.75,0.0,94,75,1603246502,3.1,CA
380,Pingliang,35.54,106.69,13.58,36,0,1603246697,2.17,CN
381,Atambua,-9.11,124.89,30.87,43,64,1603246697,0.91,ID
382,Calabozo,8.92,-67.43,24.38,93,100,1603246697,1.6,VE
383,Abhā,18.22,42.51,13.0,25,0,1603246698,3.1,SA
384,Mahajanga,-15.72,46.32,23.0,73,20,1603246698,1.0,MG
385,Ust'-Omchug,61.15,149.63,-8.25,84,0,1603246698,0.94,RU
386,Ibatiba,-20.23,-41.51,17.16,97,100,1603246698,1.39,BR
387,Mataram,-8.58,116.12,31.0,66,40,1603246698,5.1,ID
388,Kamenka,51.32,42.77,1.15,91,3,1603246698,4.6,RU
389,Săsciori,45.87,23.58,0.0,64,0,1603246698,1.5,RO
390,Fernley,39.61,-119.25,17.78,25,0,1603246698,0.89,US
391,Tuburan,6.64,122.27,28.0,83,75,1603246698,2.6,PH
392,Kununurra,-15.77,128.73,36.0,41,12,1603246698,3.6,AU
393,Zhangjiakou,40.81,114.88,4.74,49,0,1603246699,7.94,CN
394,Málaga,36.72,-4.42,18.33,93,40,1603246411,1.0,ES
395,Ryōtsu-minato,38.08,138.43,20.0,42,20,1603246699,5.1,JP
396,Powell,40.16,-83.08,13.33,93,90,1603246699,2.6,US
397,Bayreuth,49.95,11.58,8.33,77,100,1603246699,0.45,DE
398,Prince Rupert,54.32,-130.32,5.0,100,90,1603246699,2.6,CA
399,Jacksonville,30.33,-81.66,26.0,94,90,1603246493,3.6,US
400,Yangi Marg`ilon,40.43,71.72,11.0,36,0,1603246699,4.1,UZ
401,Sovetskiy,61.36,63.58,-1.71,98,48,1603246699,2.64,RU
402,Xam Nua,20.42,104.04,18.01,72,90,1603246699,1.35,LA
403,Port Blair,11.67,92.75,28.12,81,23,1603246700,6.85,IN
404,Pontianak,-0.03,109.33,31.8,61,93,1603246509,0.66,ID
405,Dunedin,-45.87,170.5,8.33,90,76,1603246700,2.68,NZ
406,Bilma,18.69,12.92,24.46,19,0,1603246700,1.2,NE
407,Mehamn,71.04,27.85,2.08,83,92,1603246700,0.91,NO
408,La Asuncion,11.03,-63.86,29.0,74,9,1603246700,4.6,VE
409,Regenstauf,49.12,12.13,7.0,87,20,1603246700,1.5,DE
410,Ilulissat,69.22,-51.1,1.0,95,100,1603246700,4.1,GL
411,Denpasar,-8.65,115.22,31.0,79,40,1603246633,3.6,ID
412,Lorengau,-2.02,147.27,29.17,68,94,1603246700,2.01,PG
413,Nālūt,30.33,10.85,15.82,42,0,1603246700,6.98,LY
414,Obo,5.4,26.49,19.74,97,95,1603246701,1.5,CF
415,Saint-Ambroise,48.55,-71.33,0.56,100,40,1603246701,1.5,CA
416,Ballina,-28.87,153.57,26.67,56,0,1603246701,5.7,AU
417,Katsuura,35.13,140.3,20.0,59,20,1603246701,4.6,JP
418,Manta,-0.95,-80.73,23.0,78,20,1603246626,5.7,EC
419,Tuatapere,-46.13,167.68,13.89,58,68,1603246701,4.92,NZ
420,Acapulco de Juárez,16.86,-99.89,29.0,83,75,1603246444,2.6,MX
421,Ferme-Neuve,46.7,-75.45,1.48,88,60,1603246701,0.37,CA
422,Ozinki,51.18,49.68,3.32,74,0,1603246701,4.78,RU
423,Shimanovsk,52.0,127.7,8.95,77,100,1603246702,3.92,RU
424,Chitral,35.85,71.79,13.97,33,0,1603246702,2.18,PK
425,Nautla,20.22,-96.78,25.09,81,4,1603246702,1.44,MX
426,Meridian,43.61,-116.39,14.0,54,90,1603246702,1.55,US
427,Malye Derbety,47.95,44.68,6.55,62,0,1603246702,4.75,RU
428,Umm Kaddadah,13.6,26.69,28.07,14,0,1603246702,7.21,SD
429,Hyères,43.12,6.12,17.0,82,75,1603246514,6.2,FR
430,Rongcheng,30.63,117.85,14.67,88,100,1603246702,1.02,CN
431,Yelbarga,15.63,76.02,22.23,87,99,1603246702,0.76,IN
432,Trincomalee,8.57,81.23,27.66,75,12,1603246702,8.02,LK
433,Preeceville,51.95,-102.67,-4.91,97,99,1603246703,2.83,CA
434,Oudtshoorn,-33.59,22.2,9.0,93,0,1603246703,1.5,ZA
435,Dezful,32.38,48.41,16.76,49,0,1603246703,0.57,IR
436,Zhuhai,22.28,113.57,23.0,69,67,1603246425,9.3,CN
437,Freeport,40.66,-73.58,17.0,93,90,1603246584,1.5,US
438,Mazamari,-11.33,-74.53,21.01,78,54,1603246703,0.92,PE
439,Selty,57.31,52.13,-0.79,98,60,1603246703,3.55,RU
440,Richards Bay,-28.78,32.04,19.2,78,49,1603246703,3.19,ZA
441,Aras,42.56,-2.36,20.0,52,100,1603246703,4.6,ES
442,Kayerkan,69.35,87.76,-15.0,92,36,1603246703,1.0,RU
443,Lohja,60.25,24.07,5.0,99,100,1603246704,3.13,FI
444,Oltu,40.55,42.0,10.73,73,98,1603246704,2.01,TR
445,Thaba Nchu,-29.21,26.84,13.0,58,0,1603246704,3.1,ZA
446,El Carmen de Bolívar,9.72,-75.12,23.69,93,72,1603246704,0.85,CO
447,Upington,-28.45,21.26,15.0,19,0,1603246704,4.6,ZA
448,Vestmannaeyjar,63.44,-20.27,3.33,72,100,1603246704,3.02,IS
449,San Cristobal,7.77,-72.22,25.0,88,40,1603246445,1.5,VE
450,Fortuna,40.6,-124.16,13.89,82,1,1603246704,5.1,US
451,Trairi,-3.28,-39.27,26.06,78,9,1603246704,5.67,BR
452,Shirokiy,49.76,129.52,9.02,71,100,1603246704,8.85,RU
453,Conde,-7.26,-34.91,24.0,94,75,1603246705,5.1,BR
454,Talnakh,69.49,88.4,-15.0,92,63,1603246705,1.0,RU
455,Rassvet,46.83,40.75,6.09,65,12,1603246705,2.93,RU
456,Bishop Auckland,54.66,-1.68,12.78,86,100,1603246705,2.24,GB
457,Khani,41.96,42.96,14.0,93,95,1603246705,1.0,GE
458,Cape Coast,5.11,-1.25,24.67,90,89,1603246705,4.34,GH
459,Porbandar,21.64,69.61,28.23,79,0,1603246705,2.82,IN
460,Yamada,39.47,141.95,16.25,57,0,1603246705,2.88,JP
461,Ola,59.58,151.28,-0.7,80,0,1603246705,1.93,RU
462,Whitecourt,54.15,-115.69,-4.0,92,75,1603246706,1.0,CA
463,Saryg-Sep,51.5,95.6,-0.76,92,60,1603246706,0.53,RU
464,Manono,-7.3,27.42,20.74,92,100,1603246706,0.43,CD
465,São Félix do Xingu,-6.64,-51.99,24.18,74,40,1603246706,0.49,BR
466,Nichinan,31.6,131.37,23.0,69,75,1603246706,7.7,JP
467,Endicott,42.1,-76.05,10.56,92,99,1603246706,1.02,US
468,Garoowe,8.41,48.48,24.66,76,0,1603246706,2.38,SO
469,Viloco,-16.95,-67.55,7.24,79,80,1603246706,1.67,BO
470,Cayenne,4.93,-52.33,26.0,88,100,1603246541,1.0,GF
471,Tessalit,20.2,1.01,26.79,16,0,1603246706,3.68,ML
472,Wilmington,34.23,-77.94,23.0,88,1,1603246429,3.1,US
473,Pueblo Nuevo,23.38,-105.38,15.74,97,9,1603246707,1.55,MX
474,Golden,39.76,-105.22,12.0,48,75,1603246503,2.6,US
475,Abalak,58.13,68.59,2.02,88,100,1603246707,3.56,RU
476,Santa Lucía,27.91,-15.54,23.0,73,75,1603246708,4.1,ES
477,Katherine,-14.47,132.27,35.0,41,0,1603246708,4.1,AU
478,Amboise,47.41,0.98,13.0,93,100,1603246708,3.6,FR
479,Moctezuma,29.8,-109.67,24.75,22,0,1603246708,1.89,MX
480,Port Macquarie,-31.43,152.92,25.0,47,2,1603246643,0.89,AU
481,Karpathos,35.51,27.21,20.0,72,0,1603246708,3.6,GR
482,Nuuk,64.18,-51.72,0.0,91,100,1603246708,4.6,GL
483,São João da Barra,-21.64,-41.05,22.48,86,74,1603246709,4.49,BR
484,San Quintín,30.48,-115.95,19.24,89,1,1603246709,5.39,MX
485,Pahrump,36.21,-115.98,21.67,15,0,1603246505,0.45,US
486,Merrill,45.18,-89.68,0.56,97,90,1603246709,2.1,US
487,Esim,4.87,-2.24,24.97,88,100,1603246709,3.73,GH
488,Hoi An,15.88,108.33,27.0,74,75,1603246709,4.6,VN
489,Rodolfo Sánchez Taboada,31.72,-116.57,18.89,88,46,1603246673,0.89,MX
490,Zhaotong,27.32,103.72,7.82,80,100,1603246710,0.6,CN
491,Sarangani,5.4,125.46,28.93,74,92,1603246710,4.39,PH
492,Lata,40.16,-8.33,15.56,94,17,1603246710,0.45,PT
493,Nisibis,37.08,41.22,20.35,38,0,1603246710,3.37,TR
494,Mackay,-21.15,149.2,29.0,54,40,1603246546,6.7,AU
495,Kibondo,-3.59,30.72,16.39,97,38,1603246710,0.48,TZ
496,Vila Franca do Campo,37.72,-25.43,15.0,72,40,1603246710,5.1,PT
497,San Francisco,37.77,-122.42,21.11,63,20,1603246516,4.1,US
498,Mogadishu,2.04,45.34,26.01,82,40,1603246588,4.89,SO
499,Albenga,44.05,8.22,15.56,82,40,1603246564,6.2,IT
500,Nyaunglebin,17.95,96.73,25.32,84,83,1603246711,0.72,MM
501,Tshikapa,-6.42,20.8,21.83,93,100,1603246711,1.92,CD
502,Sterling,39.01,-77.43,17.78,87,40,1603246711,1.6,US
503,Pallisa,1.15,33.71,19.07,93,99,1603246711,1.23,UG
504,St. George's,12.06,-61.75,29.0,74,20,1603246711,8.2,GD
505,Santa Vitória do Palmar,-33.52,-53.37,14.49,75,98,1603246712,5.85,BR
506,Barcelos,41.54,-8.62,15.0,100,75,1603246712,5.7,PT
507,Maracaí,-22.61,-50.67,23.4,74,5,1603246712,2.22,BR
508,Lahad Datu,5.03,118.33,28.99,68,87,1603246712,2.2,MY
509,Pangody,65.85,74.49,-3.39,98,100,1603246712,3.1,RU
510,Pueblo,38.25,-104.61,15.0,30,1,1603246712,5.1,US
511,Arrondissement d'Ajaccio,42.0,8.92,9.0,87,99,1603246712,3.1,FR
512,Owasso,36.27,-95.85,16.0,82,40,1603246542,3.6,US
513,Harper,4.38,-7.72,25.08,81,72,1603246713,2.08,LR
514,Ziro,27.63,93.83,14.22,98,3,1603246713,0.62,IN
515,Buala,-8.14,159.59,30.85,62,100,1603246713,2.14,SB
516,Ahipara,-35.17,173.17,18.26,66,100,1603246713,3.09,NZ
517,Akdepe,42.06,59.38,9.0,70,48,1603246713,3.1,TM
518,Kedrovyy,56.17,91.82,5.0,75,75,1603246714,2.0,RU
519,Thunder Bay,48.4,-89.32,1.11,95,90,1603246714,2.6,CA
520,Ambilobe,-13.2,49.05,21.93,79,91,1603246714,1.53,MG
521,Key West,24.56,-81.78,27.0,94,20,1603246512,3.1,US
522,Asău,46.43,26.4,4.0,100,0,1603246715,4.6,RO
523,Portoferraio,42.81,10.31,12.78,87,32,1603246715,7.11,IT
524,Esna,25.29,32.55,23.0,31,0,1603246715,1.14,EG
525,Korla,41.76,86.15,8.89,94,0,1603246715,3.13,CN
526,Wattegama,6.8,81.48,26.0,100,40,1603246716,3.6,LK
527,Qujing,25.48,103.78,8.08,86,100,1603246716,3.85,CN
528,Te Anau,-45.42,167.72,12.6,49,8,1603246621,2.92,NZ
529,Bandarbeyla,9.49,50.81,25.76,68,0,1603246716,3.5,SO
530,Bonavista,48.65,-53.11,12.78,80,100,1603246716,2.24,CA
531,Pampa,35.54,-100.96,19.0,72,1,1603246525,4.6,US
532,Elizabeth City,36.29,-76.25,20.0,100,1,1603246716,1.75,US
533,Sarāhan,31.52,77.8,10.64,43,0,1603246716,1.89,IN
534,Faya,18.39,42.45,13.0,25,0,1603246716,3.1,SA
535,Buin,-33.73,-70.75,19.0,42,0,1603246717,3.1,CL
536,Aklavik,68.22,-135.01,-5.0,92,90,1603246717,4.6,CA
537,Muncar,-8.43,114.33,28.83,73,10,1603246717,3.02,ID
538,Raudeberg,61.99,5.14,6.67,93,100,1603246717,5.1,NO
539,Matagami,49.75,-77.63,-3.0,100,1,1603246717,1.0,CA
540,Kesova Gora,57.58,37.29,-1.41,98,19,1603246717,4.28,RU
541,Uíge,-7.61,15.06,20.17,95,98,1603246717,0.91,AO
542,Verkhoyansk,67.54,133.38,-12.53,88,84,1603246717,1.53,RU
543,Dakar,14.69,-17.44,26.0,78,94,1603246209,2.6,SN
